<?xml version="1.0" encoding="UTF-8"?>
<project-private xmlns="http://www.netbeans.org/ns/project-private/1">
    <editor-bookmarks xmlns="http://www.netbeans.org/ns/editor-bookmarks/2" lastBookmarkId="0"/>
    <open-files xmlns="http://www.netbeans.org/ns/projectui-open-files/2">
        <group>
            <file>file:/C:/xampp(1)/htdocs/ICT3715/2022/vee/README.md</file>
            <file>file:/C:/xampp(1)/htdocs/ICT3715/2022/vee/include/conn.php</file>
            <file>file:/C:/xampp(1)/htdocs/ICT3715/2022/vee/include/footer.php</file>
            <file>file:/C:/xampp(1)/htdocs/ICT3715/2022/vee/include/header.php</file>
            <file>file:/C:/xampp(1)/htdocs/ICT3715/2022/vee/lect/calendar.php</file>
        </group>
    </open-files>
</project-private>
