"StudentNumber","ModuleCode"
"11141311","AST2652"
"11141311","ICT1113"
"11153623","CHE1504"
"11153623","ICT1114"
"11162384","CHE181T"
"11162384","ICT1115"
"11207520","CHE2611"
"11207520","ICT1116"
"11260693","CHE2613"
"11260693","ICT1117"
"11261613","CHE3701"
"11261613","ICT1118"
"11276374","CHE3703"
"11276374","ICT1119"
"11286271","CHE3704"
"11286271","ICT1120"
"11296841","CHE4801"
"11296841","ICT2612"
"11348843","ELE2561"
"11348843","ICT3611"
"11350641","ENG1011"
"11350641","ICT3722"
"11357287","ENG1012"
"11357287","MAT2612"
"11372737","AST2652"
"11372737","ENG1013"
"11384884","CHE1504"
"11384884","ENG1014"
"11447994","CHE181T"
"11447994","ENG1015"
"11477936","CHE2611"
"11477936","ENG1016"
"11483332","CHE2613"
"11483332","ENG1017"
"11490131","CHE3701"
"11490131","ENG1018"
"11492193","CHE3703"
"11492193","ENG1019"
"11523952","CHE3704"
"11523952","ICT1111"
"11533815","CHE4801"
"11533815","ICT1112"
"11536884","ELE2561"
"11536884","ICT1113"
"11566745","ENG1011"
"11566745","ICT1114"
"11582146","ENG1012"
"11582146","ICT1115"
"11627788","ENG1013"
"11627788","ICT1116"
"11628404","ENG1014"
"11628404","ICT1117"
"11634229","ENG1015"
"11634229","ICT1118"
"11641994","ENG1016"
"11641994","ICT1119"
"11642685","ENG1017"
"11642685","ICT1120"
"11648513","ENG1018"
"11648513","ICT2612"
"11676666","ENG1019"
"11676666","ICT3611"
"11702638","ICT1111"
"11702638","ICT3722"
"11704823","ICT1112"
"11704823","MAT2612"
"11713318","AST2652"
"11713318","ICT1113"
"11747258","CHE1504"
"11747258","ICT1114"
"11823496","CHE181T"
"11823496","ICT1115"
"11855287","CHE2611"
"11855287","ICT1116"
"11885511","CHE2613"
"11885511","ICT1117"
"11963068","CHE3701"
"11963068","ICT1118"
"11978715","CHE3703"
"11978715","ICT1119"
"12010166","CHE3704"
"12010166","ICT1120"
"12047951","CHE4801"
"12047951","ICT2612"
"12053803","ELE2561"
"12053803","ICT3611"
"12057012","ENG1011"
"12057012","ICT3722"
"12068986","ENG1012"
"12068986","MAT2612"
"12069979","AST2652"
"12069979","ENG1013"
"12070791","CHE1504"
"12070791","ENG1014"
"12071234","CHE181T"
"12071234","ENG1015"
"12072395","CHE2611"
"12072395","ENG1016"
"12078173","CHE2613"
"12078173","ENG1017"
"12091034","CHE3701"
"12091034","ENG1018"
"12111022","CHE3703"
"12111022","ENG1019"
"12120214","CHE3704"
"12120214","ICT1111"
"12151139","CHE4801"
"12151139","ICT1112"
"12260787","ELE2561"
"12260787","ICT1113"
"12292721","ENG1011"
"12292721","ICT1114"
"12353048","ENG1012"
"12353048","ICT1115"
"12363459","ENG1013"
"12363459","ICT1116"
"12374529","ENG1014"
"12374529","ICT1117"
"12379780","ENG1015"
"12379780","ICT1118"
"12386432","ENG1016"
"12386432","ICT1119"
"12400648","ENG1017"
"12400648","ICT1120"
"12406386","ENG1018"
"12406386","ICT2612"
"12423795","ENG1019"
"12423795","ICT3611"
"12427903","ICT1111"
"12427903","ICT3722"
"12437147","ICT1112"
"12437147","MAT2612"
"12475706","AST2652"
"12475706","CHE4801"
"12481490","CHE1504"
"12481490","ELE2561"
"12515706","CHE181T"
"12515706","ENG1011"
"12523831","CHE2611"
"12523831","ENG1012"
"12533989","CHE2613"
"12533989","ENG1013"
"12539317","CHE3701"
"12539317","ENG1014"
"12550779","CHE3703"
"12550779","ENG1015"
"12556180","CHE3704"
"12556180","ENG1016"
"12578773","CHE4801"
"12578773","ENG1017"
"12612879","ELE2561"
"12612879","ENG1018"
"12629519","ENG1011"
"12629519","ENG1019"
"12696000","ENG1012"
"12696000","ICT1111"
"12712732","ENG1013"
"12712732","ICT1112"
"12721826","ENG1014"
"12721826","ICT1113"
"12728112","ENG1015"
"12728112","ICT1114"
"12733278","ENG1016"
"12733278","ICT1115"
"12753387","ENG1017"
"12753387","ICT1116"
"12758234","ENG1018"
"12758234","ICT1117"
"12780722","ENG1019"
"12780722","ICT1118"
"12798763","ICT1111"
"12798763","ICT1119"
"12799902","ICT1112"
"12799902","ICT1120"
"12851032","ICT1113"
"12851032","ICT2612"
"12879713","ICT1114"
"12879713","ICT3611"
"12881786","ICT1115"
"12881786","ICT3722"
"12884339","ICT1116"
"12884339","MAT2612"
"12905884","AST2652"
"12905884","ICT1117"
"12912495","CHE1504"
"12912495","ICT1118"
"12917242","CHE181T"
"12917242","ICT1119"
"12958844","CHE2611"
"12958844","ICT1120"
"12962013","CHE2613"
"12962013","ICT2612"
"13005194","CHE3701"
"13005194","ICT3611"
"13036680","CHE3703"
"13036680","ICT3722"
"13051410","CHE3704"
"13051410","MAT2612"
"13068071","AST2652"
"13068071","CHE4801"
"13100068","CHE1504"
"13100068","ELE2561"
"13128296","CHE181T"
"13128296","ENG1011"
"13146067","CHE2611"
"13146067","ENG1012"
"13156393","CHE2613"
"13156393","ENG1013"
"13180290","CHE3701"
"13180290","ENG1014"
"13201048","CHE3703"
"13201048","ENG1015"
"13211140","CHE3704"
"13211140","ENG1016"
"13227992","CHE4801"
"13227992","ENG1017"
"13235874","ELE2561"
"13235874","ENG1018"
"13269560","ENG1011"
"13269560","ENG1019"
"13295456","ENG1012"
"13295456","ICT1111"
"13317770","ENG1013"
"13317770","ICT1112"
"13333040","CHE4801"
"13333040","ENG1014"
"13358662","ELE2561"
"13358662","ENG1015"
"13384467","ENG1011"
"13384467","ENG1016"
"13402840","ENG1012"
"13402840","ENG1017"
"13407928","ENG1013"
"13407928","ENG1018"
"13421068","ENG1014"
"13421068","ENG1019"
"13470238","ENG1015"
"13470238","ICT1111"
"13496847","ENG1016"
"13496847","ICT1112"
"13502561","ENG1017"
"13502561","ICT1113"
"13566489","ENG1018"
"13566489","ICT1114"
"13572005","ENG1019"
"13572005","ICT1115"
"13642652","ICT1111"
"13642652","ICT1116"
"13643475","ICT1112"
"13643475","ICT1117"
"13648698","ICT1113"
"13648698","ICT1118"
"13673977","ICT1114"
"13673977","ICT1119"
"13685629","ICT1115"
"13685629","ICT1120"
"13702516","ICT1116"
"13702516","ICT2612"
"13712061","ICT1117"
"13712061","ICT3611"
"13751306","ICT1118"
"13751306","ICT3722"
"13761341","ICT1119"
"13761341","MAT2612"
"13771138","AST2652"
"13771138","ICT1120"
"13775740","CHE1504"
"13775740","ICT2612"
"13786800","CHE181T"
"13786800","ICT3611"
"13792653","CHE2611"
"13792653","ICT3722"
"13793720","CHE2613"
"13793720","MAT2612"
"13798066","AST2652"
"13798066","CHE3701"
"13830181","CHE1504"
"13830181","CHE3703"
"13837422","CHE181T"
"13837422","CHE3704"
"13840777","CHE2611"
"13840777","CHE4801"
"13869200","CHE2613"
"13869200","ELE2561"
"13885374","CHE3701"
"13885374","ENG1011"
"13896998","CHE3703"
"13896998","ENG1012"
"13973659","CHE3704"
"13973659","ENG1013"
"13997322","CHE4801"
"13997322","ENG1014"
"14028044","ELE2561"
"14028044","ENG1015"
"14040468","ENG1011"
"14040468","ENG1016"
"14082570","ENG1012"
"14082570","ENG1017"
"14100807","ENG1013"
"14100807","ENG1018"
"14106669","ENG1014"
"14106669","ENG1019"
"14112141","ENG1015"
"14112141","ICT1111"
"14112294","ENG1016"
"14112294","ICT1112"
"14112966","ENG1017"
"14112966","ICT1113"
"14117981","ENG1018"
"14117981","ICT1114"
"14149328","ENG1019"
"14149328","ICT1115"
"14151841","ICT1111"
"14151841","ICT1116"
"14164480","ICT1112"
"14164480","ICT1117"
"14176674","CHE4801"
"14176674","ICT1118"
"14185104","ELE2561"
"14185104","ICT1119"
"14243178","ENG1011"
"14243178","ICT1120"
"14254715","ENG1012"
"14254715","ICT2612"
"14267697","ENG1013"
"14267697","ICT3611"
"14287247","ENG1014"
"14287247","ICT3722"
"14294140","ENG1015"
"14294140","MAT2612"
"14297070","AST2652"
"14297070","ENG1016"
"14313912","CHE1504"
"14313912","ENG1017"
"14328446","CHE181T"
"14328446","ENG1018"
"14330674","CHE2611"
"14330674","ENG1019"
"14332683","CHE2613"
"14332683","ICT1111"
"14341920","CHE3701"
"14341920","ICT1112"
"14342763","CHE3703"
"14342763","ICT1113"
"14349887","CHE3704"
"14349887","ICT1114"
"14358023","CHE4801"
"14358023","ICT1115"
"14404645","ELE2561"
"14404645","ICT1116"
"14425518","ENG1011"
"14425518","ICT1117"
"14432975","ENG1012"
"14432975","ICT1118"
"14489041","ENG1013"
"14489041","ICT1119"
"14493533","ENG1014"
"14493533","ICT1120"
"14499367","ENG1015"
"14499367","ICT2612"
"14501011","ENG1016"
"14501011","ICT3611"
"14559440","ENG1017"
"14559440","ICT3722"
"14562460","ENG1018"
"14562460","MAT2612"
"14566543","AST2652"
"14566543","ENG1019"
"14592916","CHE1504"
"14592916","ICT1111"
"14642018","CHE181T"
"14642018","ICT1112"
"14644919","CHE2611"
"14644919","ICT1113"
"14649726","CHE2613"
"14649726","ICT1114"
"14656811","CHE3701"
"14656811","ICT1115"
"14679040","CHE3703"
"14679040","ICT1116"
"14705716","CHE3704"
"14705716","ICT1117"
"14739873","CHE4801"
"14739873","ICT1118"
"14742071","ELE2561"
"14742071","ICT1119"
"14754648","ENG1011"
"14754648","ICT1120"
"14757613","ENG1012"
"14757613","ICT2612"
"14757821","ENG1013"
"14757821","ICT3611"
"14769147","ENG1014"
"14769147","ICT3722"
"14776371","ENG1015"
"14776371","MAT2612"
"14812077","AST2652"
"14812077","ENG1016"
"14813361","CHE1504"
"14813361","ENG1017"
"14815560","CHE181T"
"14815560","ENG1018"
"14827365","CHE2611"
"14827365","ENG1019"
"14828207","CHE2613"
"14828207","ICT1111"
"14837893","CHE3701"
"14837893","ICT1112"
"14847914","CHE3703"
"14847914","CHE4801"
"14876974","CHE3704"
"14876974","ELE2561"
"14883546","CHE4801"
"14883546","ENG1011"
"14886863","ELE2561"
"14886863","ENG1012"
"14892240","ENG1011"
"14892240","ENG1013"
"14899828","ENG1012"
"14899828","ENG1014"
"14907066","ENG1013"
"14907066","ENG1015"
"14926621","ENG1014"
"14926621","ENG1016"
"14938268","ENG1015"
"14938268","ENG1017"
"14939695","ENG1016"
"14939695","ENG1018"
"14983394","ENG1017"
"14983394","ENG1019"
"15049627","ENG1018"
"15049627","ICT1111"
"15050636","ENG1019"
"15050636","ICT1112"
"15055906","ICT1111"
"15055906","ICT1113"
"15061379","ICT1112"
"15061379","ICT1114"
"15064045","ICT1113"
"15064045","ICT1115"
"15118413","ICT1114"
"15118413","ICT1116"
"15131466","ICT1115"
"15131466","ICT1117"
"15161970","ICT1116"
"15161970","ICT1118"
"15169443","ICT1117"
"15169443","ICT1119"
"15169904","ICT1118"
"15169904","ICT1120"
"15170637","ICT1119"
"15170637","ICT2612"
"15181509","ICT1120"
"15181509","ICT3611"
"15187539","ICT2612"
"15187539","ICT3722"
"15192555","ICT3611"
"15192555","MAT2612"
"15203931","AST2652"
"15203931","ICT3722"
"15233429","CHE1504"
"15233429","MAT2612"
"15252215","AST2652"
"15252215","CHE181T"
"15275945","CHE1504"
"15275945","CHE2611"
"15280964","CHE181T"
"15280964","CHE2613"
"15300012","CHE2611"
"15300012","CHE3701"
"15305117","CHE2613"
"15305117","CHE3703"
"15310210","CHE3701"
"15310210","CHE3704"
"15314599","CHE3703"
"15314599","CHE4801"
"15356852","CHE3704"
"15356852","ELE2561"
"15385552","CHE4801"
"15385552","ENG1011"
"15421774","ELE2561"
"15421774","ENG1012"
"15428523","ENG1011"
"15428523","ENG1013"
"15440183","ENG1012"
"15440183","ENG1014"
"15471347","ENG1013"
"15471347","ENG1015"
"15473257","ENG1014"
"15473257","ENG1016"
"15477059","ENG1015"
"15477059","ENG1017"
"15488154","ENG1016"
"15488154","ENG1018"
"15495255","ENG1017"
"15495255","ENG1019"
"15506663","ENG1018"
"15506663","ICT1111"
"15510345","ENG1019"
"15510345","ICT1112"
"15552103","CHE4801"
"15552103","ICT1111"
"15622623","ELE2561"
"15622623","ICT1112"
"15636477","ENG1011"
"15636477","ICT1113"
"15651351","ENG1012"
"15651351","ICT1114"
"15695470","ENG1013"
"15695470","ICT1115"
"15704367","ENG1014"
"15704367","ICT1116"
"15736491","ENG1015"
"15736491","ICT1117"
"15895528","ENG1016"
"15895528","ICT1118"
"15937642","ENG1017"
"15937642","ICT1119"
"16033760","ENG1018"
"16033760","ICT1120"
"16055195","ENG1019"
"16055195","ICT2612"
"16058481","ICT1111"
"16058481","ICT3611"
"16088954","ICT1112"
"16088954","ICT3722"
"16093066","ICT1113"
"16093066","MAT2612"
"16124280","AST2652"
"16124280","ICT1114"
"16176156","CHE1504"
"16176156","ICT1115"
"16180306","CHE181T"
"16180306","ICT1116"
"16198198","CHE2611"
"16198198","ICT1117"
"16204690","CHE2613"
"16204690","ICT1118"
"16223603","CHE3701"
"16223603","ICT1119"
"16223938","CHE3703"
"16223938","ICT1120"
"16237896","CHE3704"
"16237896","ICT2612"
"16261323","CHE4801"
"16261323","ICT3611"
"16262151","ELE2561"
"16262151","ICT3722"
"16307075","ENG1011"
"16307075","MAT2612"
"16310149","AST2652"
"16310149","ENG1012"
"16312134","CHE1504"
"16312134","ENG1013"
"16313134","CHE181T"
"16313134","ENG1014"
"16313378","CHE2611"
"16313378","ENG1015"
"16316787","CHE2613"
"16316787","ENG1016"
"16332401","CHE3701"
"16332401","ENG1017"
"16355545","CHE3703"
"16355545","ENG1018"
"16375195","CHE3704"
"16375195","ENG1019"
"16414553","CHE4801"
"16414553","ICT1111"
"16426410","ELE2561"
"16426410","ICT1112"
"16436538","ENG1011"
"16436538","ICT1113"
"16440696","ENG1012"
"16440696","ICT1114"
"16456102","ENG1013"
"16456102","ICT1115"
"16460672","ENG1014"
"16460672","ICT1116"
"16470267","ENG1015"
"16470267","ICT1117"
"16485067","ENG1016"
"16485067","ICT1118"
"16491842","ENG1017"
"16491842","ICT1119"
"16546361","ENG1018"
"16546361","ICT1120"
"16565634","ENG1019"
"16565634","ICT2612"
"16590868","ICT1111"
"16590868","ICT3611"
"16646683","ICT1112"
"16646683","ICT3722"
"16652054","CHE4801"
"16652054","MAT2612"
"16679667","AST2652"
"16679667","ELE2561"
"16691262","CHE1504"
"16691262","ENG1011"
"16696272","CHE181T"
"16696272","ENG1012"
"16698365","CHE2611"
"16698365","ENG1013"
"16701599","CHE2613"
"16701599","ENG1014"
"16705463","CHE3701"
"16705463","ENG1015"
"16738138","CHE3703"
"16738138","ENG1016"
"16761194","CHE3704"
"16761194","ENG1017"
"16772771","CHE4801"
"16772771","ENG1018"
"16791173","ELE2561"
"16791173","ENG1019"
"16811378","ENG1011"
"16811378","ICT1111"
"16812698","ENG1012"
"16812698","ICT1112"
"16814870","ENG1013"
"16814870","ICT1113"
"16818514","ENG1014"
"16818514","ICT1114"
"16835733","ENG1015"
"16835733","ICT1115"
"16844493","ENG1016"
"16844493","ICT1116"
"16902783","ENG1017"
"16902783","ICT1117"
"16925632","ENG1018"
"16925632","ICT1118"
"16952652","ENG1019"
"16952652","ICT1119"
"16952981","ICT1111"
"16952981","ICT1120"
"16955202","ICT1112"
"16955202","ICT2612"
"16981736","ICT1113"
"16981736","ICT3611"
"16988090","ICT1114"
"16988090","ICT3722"
"17007350","ICT1115"
"17007350","MAT2612"
"17009226","AST2652"
"17009226","ICT1116"
"17022677","CHE1504"
"17022677","ICT1117"
"17027895","CHE181T"
"17027895","ICT1118"
"17041718","CHE2611"
"17041718","ICT1119"
"17049921","CHE2613"
"17049921","ICT1120"
"17052307","CHE3701"
"17052307","ICT2612"
"17061904","CHE3703"
"17061904","ICT3611"
"17082491","CHE3704"
"17082491","ICT3722"
"17089376","CHE4801"
"17089376","MAT2612"
"17097323","AST2652"
"17097323","ELE2561"
"17104176","CHE1504"
"17104176","ENG1011"
"17113211","CHE181T"
"17113211","ENG1012"
"17135598","CHE2611"
"17135598","ENG1013"
"17154037","CHE2613"
"17154037","ENG1014"
"17170498","CHE3701"
"17170498","ENG1015"
"17195328","CHE3703"
"17195328","ENG1016"
"17245275","CHE3704"
"17245275","ENG1017"
"17253501","CHE4801"
"17253501","ENG1018"
"17271795","ELE2561"
"17271795","ENG1019"
"17284446","ENG1011"
"17284446","ICT1111"
"17289310","ENG1012"
"17289310","ICT1112"
"17305548","CHE4801"
"17305548","ENG1013"
"17314380","ELE2561"
"17314380","ENG1014"
"17344991","ENG1011"
"17344991","ENG1015"
"17351454","ENG1012"
"17351454","ENG1016"
"17354695","ENG1013"
"17354695","ENG1017"
"17355590","ENG1014"
"17355590","ENG1018"
"17358524","ENG1015"
"17358524","ENG1019"
"17375704","ENG1016"
"17375704","ICT1111"
"17375967","ENG1017"
"17375967","ICT1112"
"17381376","ENG1018"
"17381376","ICT1113"
"17403102","ENG1019"
"17403102","ICT1114"
"17411330","ICT1111"
"17411330","ICT1115"
"17518223","ICT1112"
"17518223","ICT1116"
"17567567","ICT1113"
"17567567","ICT1117"
"17586553","ICT1114"
"17586553","ICT1118"
"17697394","ICT1115"
"17697394","ICT1119"
"17721869","ICT1116"
"17721869","ICT1120"
"17729198","ICT1117"
"17729198","ICT2612"
"17729745","ICT1118"
"17729745","ICT3611"
"17748882","ICT1119"
"17748882","ICT3722"
"17764864","ICT1120"
"17764864","MAT2612"
"17777018","AST2652"
"17777018","ICT2612"
"17779240","CHE1504"
"17779240","ICT3611"
"17783577","CHE181T"
"17783577","ICT3722"
"17786642","CHE2611"
"17786642","MAT2612"
"17788598","AST2652"
"17788598","CHE2613"
"17811909","CHE1504"
"17811909","CHE3701"
"17876161","CHE181T"
"17876161","CHE3703"
"17916165","CHE2611"
"17916165","CHE3704"
"17920546","CHE2613"
"17920546","CHE4801"
"17941264","CHE3701"
"17941264","ELE2561"
"17950158","CHE3703"
"17950158","ENG1011"
"17969045","CHE3704"
"17969045","ENG1012"
"17978926","CHE4801"
"17978926","ENG1013"
"17982798","ELE2561"
"17982798","ENG1014"
"17995186","ENG1011"
"17995186","ENG1015"
"18008449","ENG1012"
"18008449","ENG1016"
"18043513","ENG1013"
"18043513","ENG1017"
"18050602","ENG1014"
"18050602","ENG1018"
"18101471","ENG1015"
"18101471","ENG1019"
"18105395","ENG1016"
"18105395","ICT1111"
"18136837","ENG1017"
"18136837","ICT1112"
"18139274","ENG1018"
"18139274","ICT1113"
"18155544","ENG1019"
"18155544","ICT1114"
"18171128","ICT1111"
"18171128","ICT1115"
"18189010","ICT1112"
"18189010","ICT1116"
"18223279","CHE4801"
"18223279","ICT1117"
"18243357","ELE2561"
"18243357","ICT1118"
"18273177","ENG1011"
"18273177","ICT1119"
"18278274","ENG1012"
"18278274","ICT1120"
"18282944","ENG1013"
"18282944","ICT2612"
"18285403","ENG1014"
"18285403","ICT3611"
"18303575","ENG1015"
"18303575","ICT3722"
"18327232","ENG1016"
"18327232","MAT2612"
"18344154","AST2652"
"18344154","ENG1017"
"18351966","CHE1504"
"18351966","ENG1018"
"18356234","CHE181T"
"18356234","ENG1019"
"18365362","CHE2611"
"18365362","ICT1111"
"18372654","CHE2613"
"18372654","ICT1112"
"18383894","CHE3701"
"18383894","ICT1113"
"18397100","CHE3703"
"18397100","ICT1114"
"18397102","CHE3704"
"18397102","ICT1115"
"18453258","CHE4801"
"18453258","ICT1116"
"18460182","ELE2561"
"18460182","ICT1117"
"18477462","ENG1011"
"18477462","ICT1118"
"18483596","ENG1012"
"18483596","ICT1119"
"18505104","ENG1013"
"18505104","ICT1120"
"18505261","ENG1014"
"18505261","ICT2612"
"18540760","ENG1015"
"18540760","ICT3611"
"18592263","ENG1016"
"18592263","ICT3722"
"18594430","ENG1017"
"18594430","MAT2612"
"18599081","AST2652"
"18599081","ENG1018"
"18612156","CHE1504"
"18612156","ENG1019"
"18632189","CHE181T"
"18632189","ICT1111"
"18675629","CHE2611"
"18675629","ICT1112"
"18682990","CHE2613"
"18682990","ICT1113"
"18702211","CHE3701"
"18702211","ICT1114"
"18714654","CHE3703"
"18714654","ICT1115"
"18720160","CHE3704"
"18720160","ICT1116"
"18724857","CHE4801"
"18724857","ICT1117"
"18737460","ELE2561"
"18737460","ICT1118"
"18738225","ENG1011"
"18738225","ICT1119"
"18739862","ENG1012"
"18739862","ICT1120"
"18760687","ENG1013"
"18760687","ICT2612"
"18769443","ENG1014"
"18769443","ICT3611"
"18778472","ENG1015"
"18778472","ICT3722"
"18801259","ENG1016"
"18801259","MAT2612"
"18812872","AST2652"
"18812872","ENG1017"
"18829257","CHE1504"
"18829257","ENG1018"
"18836063","CHE181T"
"18836063","ENG1019"
"18839516","CHE2611"
"18839516","ICT1111"
"18848350","CHE2613"
"18848350","ICT1112"
"18850936","CHE3701"
"18850936","ICT1111"
"18878393","CHE3703"
"18878393","ICT1112"
"18895040","CHE3704"
"18895040","CHE4801"
"18907969","CHE4801"
"18907969","ELE2561"
"18929287","ELE2561"
"18929287","ENG1011"
"18932032","ENG1011"
"18932032","ENG1012"
"18947295","ENG1012"
"18947295","ENG1013"
"18960506","ENG1013"
"18960506","ENG1014"
"18968652","ENG1014"
"18968652","ENG1015"
"18986232","ENG1015"
"18986232","ENG1016"
"18989177","ENG1016"
"18989177","ENG1017"
"19005287","ENG1017"
"19005287","ENG1018"
"19006611","ENG1018"
"19006611","ENG1019"
"19019313","ENG1019"
"19019313","ICT1111"
"19029492","ICT1111"
"19029492","ICT1112"
"19051116","ICT1112"
"19051116","ICT1113"
"19051739","ICT1113"
"19051739","ICT1114"
"19052248","ICT1114"
"19052248","ICT1115"
"19098909","ICT1115"
"19098909","ICT1116"
"19103539","ICT1116"
"19103539","ICT1117"
"19117973","ICT1117"
"19117973","ICT1118"
"19128622","ICT1118"
"19128622","ICT1119"
"19178151","ICT1119"
"19178151","ICT1120"
"19204164","ICT1120"
"19204164","ICT2612"
"19263315","ICT2612"
"19263315","ICT3611"
"19267635","ICT3611"
"19267635","ICT3722"
"19281956","ICT3722"
"19281956","MAT2612"
"19285574","AST2652"
"19285574","MAT2612"
"19287526","AST2652"
"19287526","CHE1504"
"19299697","CHE1504"
"19299697","CHE181T"
"19310538","CHE181T"
"19310538","CHE2611"
"19323763","CHE2611"
"19323763","CHE2613"
"19325206","CHE2613"
"19325206","CHE3701"
"19335964","CHE3701"
"19335964","CHE3703"
"19338112","CHE3703"
"19338112","CHE3704"
"19386002","CHE3704"
"19386002","CHE4801"
"19413886","CHE4801"
"19413886","ELE2561"
"19435587","ELE2561"
"19435587","ENG1011"
"19457727","ENG1011"
"19457727","ENG1012"
"19476564","ENG1012"
"19476564","ENG1013"
"19477167","ENG1013"
"19477167","ENG1014"
"19506222","ENG1014"
"19506222","ENG1015"
"19555445","ENG1015"
"19555445","ENG1016"
"19579838","ENG1016"
"19579838","ENG1017"
"19590474","ENG1017"
"19590474","ENG1018"
"19601561","ENG1018"
"19601561","ENG1019"
"19611190","ENG1019"
"19611190","ICT1111"
"19617619","ICT1111"
"19617619","ICT1112"
"19621909","CHE4801"
"19621909","ICT1112"
"19632508","ELE2561"
"19632508","ICT1113"
"19670075","ENG1011"
"19670075","ICT1114"
"19677631","ENG1012"
"19677631","ICT1115"
"19697310","ENG1013"
"19697310","ICT1116"
"19699246","ENG1014"
"19699246","ICT1117"
"19705379","ENG1015"
"19705379","ICT1118"
"19742603","ENG1016"
"19742603","ICT1119"
"19780056","ENG1017"
"19780056","ICT1120"
"19800873","ENG1018"
"19800873","ICT2612"
"19807582","ENG1019"
"19807582","ICT3611"
"19807961","ICT1111"
"19807961","ICT3722"
"19817910","ICT1112"
"19817910","MAT2612"
"19839834","AST2652"
"19839834","ICT1113"
"19849873","CHE1504"
"19849873","ICT1114"
"19854774","CHE181T"
"19854774","ICT1115"
"19873181","CHE2611"
"19873181","ICT1116"
"19884440","CHE2613"
"19884440","ICT1117"
"19907026","CHE3701"
"19907026","ICT1118"
"19913248","CHE3703"
"19913248","ICT1119"
"19916842","CHE3704"
"19916842","ICT1120"
"19965570","CHE4801"
"19965570","ICT2612"
"19993535","ELE2561"
"19993535","ICT3611"
"20001162","ENG1011"
"20001162","ICT3722"
"20030374","ENG1012"
"20030374","MAT2612"
"20039049","AST2652"
"20039049","ENG1013"
"20073084","CHE1504"
"20073084","ENG1014"
"20118045","CHE181T"
"20118045","ENG1015"
"20141564","CHE2611"
"20141564","ENG1016"
"20191308","CHE2613"
"20191308","ENG1017"
"20221158","CHE3701"
"20221158","ENG1018"
"20227361","CHE3703"
"20227361","ENG1019"
"20229872","CHE3704"
"20229872","ICT1111"
"20236674","CHE4801"
"20236674","ICT1112"
"20237336","ELE2561"
"20237336","ICT1113"
"20270487","ENG1011"
"20270487","ICT1114"
"20302511","ENG1012"
"20302511","ICT1115"
"20313326","ENG1013"
"20313326","ICT1116"
"20315604","ENG1014"
"20315604","ICT1117"
"20327854","ENG1015"
"20327854","ICT1118"
"20356540","ENG1016"
"20356540","ICT1119"
"20361756","ENG1017"
"20361756","ICT1120"
"20369416","ENG1018"
"20369416","ICT2612"
"20411887","ENG1019"
"20411887","ICT3611"
"20421284","ICT1111"
"20421284","ICT3722"
"20421432","ICT1112"
"20421432","MAT2612"
"20454380","AST2652"
"20454380","ICT1111"
"20475059","CHE1504"
"20475059","ICT1112"
"20492860","CHE181T"
"20492860","CHE4801"
"20519454","CHE2611"
"20519454","ELE2561"
"20523323","CHE2613"
"20523323","ENG1011"
"20525423","CHE3701"
"20525423","ENG1012"
"20539859","CHE3703"
"20539859","ENG1013"
"20559004","CHE3704"
"20559004","ENG1014"
"20675867","CHE4801"
"20675867","ENG1015"
"20690747","ELE2561"
"20690747","ENG1016"
"20699952","ENG1011"
"20699952","ENG1017"
"20707407","ENG1012"
"20707407","ENG1018"
"20710649","ENG1013"
"20710649","ENG1019"
"20715482","ENG1014"
"20715482","ICT1111"
"20728666","ENG1015"
"20728666","ICT1112"
"20735015","ENG1016"
"20735015","ICT1113"
"20749266","ENG1017"
"20749266","ICT1114"
"20759046","ENG1018"
"20759046","ICT1115"
"20768745","ENG1019"
"20768745","ICT1116"
"20770662","ICT1111"
"20770662","ICT1117"
"20771311","ICT1112"
"20771311","ICT1118"
"20789846","ICT1113"
"20789846","ICT1119"
"20806212","ICT1114"
"20806212","ICT1120"
"20831010","ICT1115"
"20831010","ICT2612"
"20833661","ICT1116"
"20833661","ICT3611"
"20846004","ICT1117"
"20846004","ICT3722"
"20847699","ICT1118"
"20847699","MAT2612"
"20850022","AST2652"
"20850022","ICT1119"
"20897755","CHE1504"
"20897755","ICT1120"
"20934851","CHE181T"
"20934851","ICT2612"
"20936831","CHE2611"
"20936831","ICT3611"
"20940841","CHE2613"
"20940841","ICT3722"
"20946637","CHE3701"
"20946637","MAT2612"
"20947268","AST2652"
"20947268","CHE3703"
"21017255","CHE1504"
"21017255","CHE3704"
"21023791","CHE181T"
"21023791","CHE4801"
"21029197","CHE2611"
"21029197","ELE2561"
"21055270","CHE2613"
"21055270","ENG1011"
"21056553","CHE3701"
"21056553","ENG1012"
"21072478","CHE3703"
"21072478","ENG1013"
"21076685","CHE3704"
"21076685","ENG1014"
"21083384","CHE4801"
"21083384","ENG1015"
"21121001","ELE2561"
"21121001","ENG1016"
"21131374","ENG1011"
"21131374","ENG1017"
"21143916","ENG1012"
"21143916","ENG1018"
"21171508","ENG1013"
"21171508","ENG1019"
"21173470","ENG1014"
"21173470","ICT1111"
"21173912","ENG1015"
"21173912","ICT1112"
"21191914","CHE4801"
"21191914","ENG1016"
"21198624","ELE2561"
"21198624","ENG1017"
"21204038","ENG1011"
"21204038","ENG1018"
"21217145","ENG1012"
"21217145","ENG1019"
"21220220","ENG1013"
"21220220","ICT1111"
"21238354","ENG1014"
"21238354","ICT1112"
"21250634","ENG1015"
"21250634","ICT1113"
"21269816","ENG1016"
"21269816","ICT1114"
"21283379","ENG1017"
"21283379","ICT1115"
"21346700","ENG1018"
"21346700","ICT1116"
"21350280","ENG1019"
"21350280","ICT1117"
"21350592","ICT1111"
"21350592","ICT1118"
"21372877","ICT1112"
"21372877","ICT1119"
"21374310","ICT1113"
"21374310","ICT1120"
"21387364","ICT1114"
"21387364","ICT2612"
"21396039","ICT1115"
"21396039","ICT3611"
"21420928","ICT1116"
"21420928","ICT3722"
"21432783","ICT1117"
"21432783","MAT2612"
"21437361","AST2652"
"21437361","ICT1118"
"21461103","CHE1504"
"21461103","ICT1119"
"21467935","CHE181T"
"21467935","ICT1120"
"21482843","CHE2611"
"21482843","ICT2612"
"21494120","CHE2613"
"21494120","ICT3611"
"21501496","CHE3701"
"21501496","ICT3722"
"21521372","CHE3703"
"21521372","MAT2612"
"21526717","AST2652"
"21526717","CHE3704"
"21530522","CHE1504"
"21530522","CHE4801"
"21548140","CHE181T"
"21548140","ELE2561"
"21551059","CHE2611"
"21551059","ENG1011"
"21552062","CHE2613"
"21552062","ENG1012"
"21565253","CHE3701"
"21565253","ENG1013"
"21565803","CHE3703"
"21565803","ENG1014"
"21582332","CHE3704"
"21582332","ENG1015"
"21586559","CHE4801"
"21586559","ENG1016"
"21609042","ELE2561"
"21609042","ENG1017"
"21611263","ENG1011"
"21611263","ENG1018"
"21611302","ENG1012"
"21611302","ENG1019"
"21619020","ENG1013"
"21619020","ICT1111"
"21630630","ENG1014"
"21630630","ICT1112"
"21676028","ENG1015"
"21676028","ICT1113"
"21681345","ENG1016"
"21681345","ICT1114"
"21688863","ENG1017"
"21688863","ICT1115"
"21720526","ENG1018"
"21720526","ICT1116"
"21763473","ENG1019"
"21763473","ICT1117"
"21766852","ICT1111"
"21766852","ICT1118"
"21780780","ICT1112"
"21780780","ICT1119"
"21784428","ICT1111"
"21784428","ICT1120"
"21786335","ICT1112"
"21786335","ICT2612"
"21800047","CHE4801"
"21800047","ICT3611"
"21806746","ELE2561"
"21806746","ICT3722"
"21811966","ENG1011"
"21811966","MAT2612"
"21832830","AST2652"
"21832830","ENG1012"
"21837795","CHE1504"
"21837795","ENG1013"
"21857663","CHE181T"
"21857663","ENG1014"
"21883489","CHE2611"
"21883489","ENG1015"
"21956532","CHE2613"
"21956532","ENG1016"
"21979671","CHE3701"
"21979671","ENG1017"
"21995215","CHE3703"
"21995215","ENG1018"
"22012269","CHE3704"
"22012269","ENG1019"
"22029879","CHE4801"
"22029879","ICT1111"
"22040530","ELE2561"
"22040530","ICT1112"
"22043993","ENG1011"
"22043993","ICT1113"
"22064128","ENG1012"
"22064128","ICT1114"
"22078886","ENG1013"
"22078886","ICT1115"
"22087524","ENG1014"
"22087524","ICT1116"
"22134998","ENG1015"
"22134998","ICT1117"
"22169394","ENG1016"
"22169394","ICT1118"
"22177323","ENG1017"
"22177323","ICT1119"
"22185263","ENG1018"
"22185263","ICT1120"
"22228477","ENG1019"
"22228477","ICT2612"
"22230949","ICT1111"
"22230949","ICT3611"
"22277763","ICT1112"
"22277763","ICT3722"
"22280114","ICT1113"
"22280114","MAT2612"
"22281430","AST2652"
"22281430","ICT1114"
"22300983","CHE1504"
"22300983","ICT1115"
"22316944","CHE181T"
"22316944","ICT1116"
"22334660","CHE2611"
"22334660","ICT1117"
"22334885","CHE2613"
"22334885","ICT1118"
"22353717","CHE3701"
"22353717","ICT1119"
"22368635","CHE3703"
"22368635","ICT1120"
"22377714","CHE3704"
"22377714","ICT2612"
"22388131","CHE4801"
"22388131","ICT3611"
"22389997","ELE2561"
"22389997","ICT3722"
"22423651","ENG1011"
"22423651","MAT2612"
"22436767","AST2652"
"22436767","ENG1012"
"22447896","CHE1504"
"22447896","ENG1013"
"22455943","CHE181T"
"22455943","ENG1014"
"22483710","CHE2611"
"22483710","ENG1015"
"22490695","CHE2613"
"22490695","ENG1016"
"22521871","CHE3701"
"22521871","ENG1017"
"22543226","CHE3703"
"22543226","ENG1018"
"22565634","CHE3704"
"22565634","ENG1019"
"22575113","CHE4801"
"22575113","ICT1111"
"22594914","ELE2561"
"22594914","ICT1112"
"22604578","CHE4801"
"22604578","ENG1011"
"22610300","ELE2561"
"22610300","ENG1012"
"22635204","ENG1011"
"22635204","ENG1013"
"22637781","ENG1012"
"22637781","ENG1014"
"22637802","ENG1013"
"22637802","ENG1015"
"22666496","ENG1014"
"22666496","ENG1016"
"22668071","ENG1015"
"22668071","ENG1017"
"22677805","ENG1016"
"22677805","ENG1018"
"22689935","ENG1017"
"22689935","ENG1019"
"22714159","ENG1018"
"22714159","ICT1111"
"22716762","ENG1019"
"22716762","ICT1112"
"22717520","ICT1111"
"22717520","ICT1113"
"22719153","ICT1112"
"22719153","ICT1114"
"22723770","ICT1113"
"22723770","ICT1115"
"22724817","ICT1114"
"22724817","ICT1116"
"22788845","ICT1115"
"22788845","ICT1117"
"22794150","ICT1116"
"22794150","ICT1118"
"22838029","ICT1117"
"22838029","ICT1119"
"22839661","ICT1118"
"22839661","ICT1120"
"22848974","ICT1119"
"22848974","ICT2612"
"22860403","ICT1120"
"22860403","ICT3611"
"22862041","ICT2612"
"22862041","ICT3722"
"22905261","ICT3611"
"22905261","MAT2612"
"22905460","AST2652"
"22905460","ICT3722"
"22909626","CHE1504"
"22909626","MAT2612"
"22927109","AST2652"
"22927109","CHE181T"
"22934726","CHE1504"
"22934726","CHE2611"
"22942838","CHE181T"
"22942838","CHE2613"
"22951617","CHE2611"
"22951617","CHE3701"
"22968647","CHE2613"
"22968647","CHE3703"
"22969075","CHE3701"
"22969075","CHE3704"
"22969849","CHE3703"
"22969849","CHE4801"
"23038658","CHE3704"
"23038658","ELE2561"
"23062784","CHE4801"
"23062784","ENG1011"
"23069599","ELE2561"
"23069599","ENG1012"
"23093600","ENG1011"
"23093600","ENG1013"
"23096254","ENG1012"
"23096254","ENG1014"
"23106655","ENG1013"
"23106655","ENG1015"
"23108494","ENG1014"
"23108494","ENG1016"
"23112578","ENG1015"
"23112578","ENG1017"
"23163539","ENG1016"
"23163539","ENG1018"
"23164966","ENG1017"
"23164966","ENG1019"
"23172546","ENG1018"
"23172546","ICT1111"
"23204654","ENG1019"
"23204654","ICT1112"
"23241391","ICT1111"
"23241391","ICT1113"
"23250000","ICT1112"
"23250000","ICT1114"
"23255800","ICT1111"
"23255800","ICT1115"
"23256795","ICT1112"
"23256795","ICT1116"
"23308010","CHE4801"
"23308010","ICT1117"
"23322476","ELE2561"
"23322476","ICT1118"
"23327183","ENG1011"
"23327183","ICT1119"
"23334384","ENG1012"
"23334384","ICT1120"
"23337270","ENG1013"
"23337270","ICT2612"
"23344876","ENG1014"
"23344876","ICT3611"
"23351031","ENG1015"
"23351031","ICT3722"
"23380052","ENG1016"
"23380052","MAT2612"
"23388406","AST2652"
"23388406","ENG1017"
"23416458","CHE1504"
"23416458","ENG1018"
"23418081","CHE181T"
"23418081","ENG1019"
"23421398","CHE2611"
"23421398","ICT1111"
"23451324","CHE2613"
"23451324","ICT1112"
"23459086","CHE3701"
"23459086","ICT1113"
"23481699","CHE3703"
"23481699","ICT1114"
"23523730","CHE3704"
"23523730","ICT1115"
"23531593","CHE4801"
"23531593","ICT1116"
"23538798","ELE2561"
"23538798","ICT1117"
"23541540","ENG1011"
"23541540","ICT1118"
"23589406","ENG1012"
"23589406","ICT1119"
"23607627","ENG1013"
"23607627","ICT1120"
"23630198","ENG1014"
"23630198","ICT2612"
"23661395","ENG1015"
"23661395","ICT3611"
"23690306","ENG1016"
"23690306","ICT3722"
"23753944","ENG1017"
"23753944","MAT2612"
"23788018","AST2652"
"23788018","ENG1018"
"23794004","CHE1504"
"23794004","ENG1019"
"23801724","CHE181T"
"23801724","ICT1111"
"23814892","CHE2611"
"23814892","ICT1112"
"23836334","CHE2613"
"23836334","ICT1113"
"23856627","CHE3701"
"23856627","ICT1114"
"23863333","CHE3703"
"23863333","ICT1115"
"23915407","CHE3704"
"23915407","ICT1116"
"23928273","CHE4801"
"23928273","ICT1117"
"23948190","ELE2561"
"23948190","ICT1118"
"23957213","ENG1011"
"23957213","ICT1119"
"23982687","ENG1012"
"23982687","ICT1120"
"24103662","ENG1013"
"24103662","ICT2612"
"24104104","ENG1014"
"24104104","ICT3611"
"24114868","ENG1015"
"24114868","ICT3722"
"24164500","ENG1016"
"24164500","MAT2612"
"24179438","AST2652"
"24179438","ENG1017"
"24181835","CHE1504"
"24181835","ENG1018"
"24191722","CHE181T"
"24191722","ENG1019"
"24192252","CHE2611"
"24192252","ICT1111"
"24197740","CHE2613"
"24197740","ICT1112"
"24234252","CHE3701"
"24234252","CHE4801"
"24254864","CHE3703"
"24254864","ELE2561"
"24260055","CHE3704"
"24260055","ENG1011"
"24288659","CHE4801"
"24288659","ENG1012"
"24293961","ELE2561"
"24293961","ENG1013"
"24306982","ENG1011"
"24306982","ENG1014"
"24329238","ENG1012"
"24329238","ENG1015"
"24359305","ENG1013"
"24359305","ENG1016"
"24361284","ENG1014"
"24361284","ENG1017"
"24361678","ENG1015"
"24361678","ENG1018"
"24386841","ENG1016"
"24386841","ENG1019"
"24397192","ENG1017"
"24397192","ICT1111"
"24412433","ENG1018"
"24412433","ICT1112"
"24428635","ENG1019"
"24428635","ICT1113"
"24458765","ICT1111"
"24458765","ICT1114"
"24459577","ICT1112"
"24459577","ICT1115"
"24475933","ICT1113"
"24475933","ICT1116"
"24493098","ICT1114"
"24493098","ICT1117"
"24500256","ICT1115"
"24500256","ICT1118"
"24525605","ICT1116"
"24525605","ICT1119"
"24528051","ICT1117"
"24528051","ICT1120"
"24542800","ICT1118"
"24542800","ICT2612"
"24559462","ICT1119"
"24559462","ICT3611"
"24615457","ICT1120"
"24615457","ICT3722"
"24618336","ICT2612"
"24618336","MAT2612"
"24636159","AST2652"
"24636159","ICT3611"
"24639152","CHE1504"
"24639152","ICT3722"
"24639508","CHE181T"
"24639508","MAT2612"
"24653870","AST2652"
"24653870","CHE2611"
"24657771","CHE1504"
"24657771","CHE2613"
"24667538","CHE181T"
"24667538","CHE3701"
"24673344","CHE2611"
"24673344","CHE3703"
"24696427","CHE2613"
"24696427","CHE3704"
"24697940","CHE3701"
"24697940","CHE4801"
"24757324","CHE3703"
"24757324","ELE2561"
"24771572","CHE3704"
"24771572","ENG1011"
"24772192","CHE4801"
"24772192","ENG1012"
"24801103","ELE2561"
"24801103","ENG1013"
"24832757","ENG1011"
"24832757","ENG1014"
"24849691","ENG1012"
"24849691","ENG1015"
"24884570","ENG1013"
"24884570","ENG1016"
"24906832","ENG1014"
"24906832","ENG1017"
"24928278","ENG1015"
"24928278","ENG1018"
"24933413","ENG1016"
"24933413","ENG1019"
"25022512","ENG1017"
"25022512","ICT1111"
"25022774","ENG1018"
"25022774","ICT1112"
"25049888","ENG1014"
"25049888","ENG1019"
"25060572","ENG1015"
"25060572","ICT1111"
"25084566","ENG1016"
"25084566","ICT1112"
"25087074","ENG1017"
"25087074","ICT1113"
"25106490","ENG1018"
"25106490","ICT1114"
"25112198","ENG1019"
"25112198","ICT1115"
"25125318","ICT1111"
"25125318","ICT1116"
"25156059","ICT1112"
"25156059","ICT1117"
"25208100","ICT1113"
"25208100","ICT1118"
"25221097","ICT1114"
"25221097","ICT1119"
"25224159","ICT1115"
"25224159","ICT1120"
"25235693","ICT1116"
"25235693","ICT2612"
"25248759","ICT1117"
"25248759","ICT3611"
"25259021","ICT1118"
"25259021","ICT3722"
"25269555","ICT1119"
"25269555","MAT2612"
"25291192","AST2652"
"25291192","ICT1120"
"25335599","CHE1504"
"25335599","ICT2612"
"25343128","CHE181T"
"25343128","ICT3611"
"25356930","CHE2611"
"25356930","ICT3722"
"25358038","CHE2613"
"25358038","MAT2612"
"25366917","AST2652"
"25366917","CHE3701"
"25372970","CHE1504"
"25372970","CHE3703"
"25374801","CHE181T"
"25374801","CHE3704"
"25393304","CHE2611"
"25393304","CHE4801"
"25397835","CHE2613"
"25397835","ELE2561"
"25420050","CHE3701"
"25420050","ENG1011"
"25421145","CHE3703"
"25421145","ENG1012"
"25431523","CHE3704"
"25431523","ENG1013"
"25455975","CHE4801"
"25455975","ENG1014"
"25457526","ELE2561"
"25457526","ENG1015"
"25458552","ENG1011"
"25458552","ENG1016"
"25464407","ENG1012"
"25464407","ENG1017"
"25466826","ENG1013"
"25466826","ENG1018"
"25468753","ENG1014"
"25468753","ENG1019"
"25481729","ENG1015"
"25481729","ICT1111"
"25507332","ENG1016"
"25507332","ICT1112"
"25537838","ENG1017"
"25537838","ICT1113"
"25543394","ENG1018"
"25543394","ICT1114"
"25547061","ENG1019"
"25547061","ICT1115"
"25547794","ICT1111"
"25547794","ICT1116"
"25567900","ICT1112"
"25567900","ICT1117"
"25571651","ICT1111"
"25571651","ICT1118"
"25589897","ICT1112"
"25589897","ICT1119"
"25615604","CHE4801"
"25615604","ICT1120"
"25646730","ELE2561"
"25646730","ICT2612"
"25654073","ENG1011"
"25654073","ICT3611"
"25654826","ENG1012"
"25654826","ICT3722"
"25693730","ENG1013"
"25693730","MAT2612"
"25694171","AST2652"
"25694171","ENG1014"
"25697925","CHE1504"
"25697925","ENG1015"
"25726868","CHE181T"
"25726868","ENG1016"
"25729892","CHE2611"
"25729892","ENG1017"
"25748257","CHE2613"
"25748257","ENG1018"
"25756470","CHE3701"
"25756470","ENG1019"
"25764462","CHE3703"
"25764462","ICT1111"
"25788212","CHE3704"
"25788212","ICT1112"
"25790750","CHE4801"
"25790750","ICT1113"
"25804748","ELE2561"
"25804748","ICT1114"
"25819687","ENG1011"
"25819687","ICT1115"
"25820847","ENG1012"
"25820847","ICT1116"
"25859683","ENG1013"
"25859683","ICT1117"
"25866750","ENG1014"
"25866750","ICT1118"
"25896646","ENG1015"
"25896646","ICT1119"
"25905743","ENG1016"
"25905743","ICT1120"
"25916551","ENG1017"
"25916551","ICT2612"
"25941104","ENG1018"
"25941104","ICT3611"
"25965672","ENG1019"
"25965672","ICT3722"
"25971027","ICT1111"
"25971027","MAT2612"
"26011458","AST2652"
"26011458","ICT1112"
"26014357","CHE1504"
"26014357","ICT1113"
"26015309","CHE181T"
"26015309","ICT1114"
"26016495","CHE2611"
"26016495","ICT1115"
"26045254","CHE2613"
"26045254","ICT1116"
"26072608","CHE3701"
"26072608","ICT1117"
"26080131","CHE3703"
"26080131","ICT1118"
"26099084","CHE3704"
"26099084","ICT1119"
"26112064","CHE4801"
"26112064","ICT1120"
"26121606","ELE2561"
"26121606","ICT2612"
"26129021","ENG1011"
"26129021","ICT3611"
"26250969","ENG1012"
"26250969","ICT3722"
"26301729","ENG1013"
"26301729","MAT2612"
"26311307","AST2652"
"26311307","ENG1014"
"26324124","CHE1504"
"26324124","ENG1015"
"26335008","CHE181T"
"26335008","ENG1016"
"26338826","CHE2611"
"26338826","ENG1017"
"26363816","CHE2613"
"26363816","ENG1018"
"26388329","CHE3701"
"26388329","ENG1019"
"26395901","CHE3703"
"26395901","ICT1111"
"26420513","CHE3704"
"26420513","ICT1112"
"26449812","CHE4801"
"26449812","ICT1112"
"26463412","ELE2561"
"26463412","ICT1112"
"26469967","ELE2561"
"26469967","ENG1011"
"26475228","ENG1011"
"26475228","ENG1012"
"26541758","ENG1012"
"26541758","ENG1013"
"26555817","ENG1013"
"26555817","ENG1014"
"26592504","ENG1014"
"26592504","ENG1015"
"26597184","ENG1015"
"26597184","ENG1016"
"26606670","ENG1016"
"26606670","ENG1017"
"26612027","ENG1017"
"26612027","ENG1018"
"26644452","ENG1018"
"26644452","ENG1019"
"26648723","ENG1019"
"26648723","ICT1111"
"26649090","ICT1111"
"26649090","ICT1112"
"26658955","ICT1112"
"26658955","ICT1113"
"26722178","ICT1113"
"26722178","ICT1114"
"26726290","ICT1114"
"26726290","ICT1115"
"26727500","ICT1115"
"26727500","ICT1116"
"26743427","ICT1116"
"26743427","ICT1117"
"26786555","ICT1117"
"26786555","ICT1118"
"26797663","ICT1118"
"26797663","ICT1119"
"26807027","ICT1119"
"26807027","ICT1120"
"26809312","ICT1120"
"26809312","ICT2612"
"26810520","ICT2612"
"26810520","ICT3611"
"26811438","ICT3611"
"26811438","ICT3722"
"26815741","ICT3722"
"26815741","MAT2612"
"26825538","AST2652"
"26825538","MAT2612"
"26845508","AST2652"
"26845508","CHE1504"
"26855824","CHE1504"
"26855824","CHE181T"
"26863676","CHE181T"
"26863676","CHE2611"
"26889111","CHE2611"
"26889111","CHE2613"
"26926650","CHE2613"
"26926650","CHE3701"
"26962297","CHE3701"
"26962297","CHE3703"
"26986805","CHE3703"
"26986805","CHE3704"
"26988156","CHE3704"
"26988156","CHE4801"
"27004511","CHE4801"
"27004511","ELE2561"
"27043946","ELE2561"
"27043946","ENG1011"
"27137724","ENG1011"
"27137724","ENG1012"
"27142677","ENG1012"
"27142677","ENG1013"
"27180847","ENG1013"
"27180847","ENG1014"
"27198424","ENG1014"
"27198424","ENG1015"
"27222294","ENG1015"
"27222294","ENG1016"
"27230206","ENG1016"
"27230206","ENG1017"
"27234738","ENG1017"
"27234738","ENG1018"
"27273170","ENG1018"
"27273170","ENG1019"
"27277564","ENG1019"
"27277564","ICT1111"
"27290685","ICT1111"
"27290685","ICT1112"
"27293487","ICT1112"
"27293487","ICT1113"
"27333561","AST2652"
"27333561","ICT1114"
"27351806","CHE181T"
"27351806","ICT1115"
"27421807","CHE2611"
"27421807","ICT1116"
"27437175","CHE2613"
"27437175","ICT1117"
"27442955","CHE3701"
"27442955","ICT1118"
"27443929","CHE3703"
"27443929","ICT1119"
"27447889","CHE3704"
"27447889","ICT1120"
"27453282","CHE4801"
"27453282","ICT2612"
"27463145","ELE2561"
"27463145","ICT3611"
"27467369","ENG1011"
"27467369","ICT3722"
"27488328","ENG1012"
"27488328","MAT2612"
"27495197","AST2652"
"27495197","ENG1013"
"27521467","CHE1504"
"27521467","ENG1014"
"27528980","CHE181T"
"27528980","ENG1015"
"27534653","CHE2611"
"27534653","ENG1016"
"27536682","CHE2613"
"27536682","ENG1017"
"27554226","CHE3701"
"27554226","ENG1018"
"27560845","CHE3703"
"27560845","ENG1019"
"27587633","CHE3704"
"27587633","ICT1111"
"27638298","CHE4801"
"27638298","ICT1112"
"27642019","ELE2561"
"27642019","ICT1113"
"27664236","ENG1011"
"27664236","ICT1114"
"27670294","ENG1012"
"27670294","ICT1115"
"27674097","ENG1013"
"27674097","ICT1116"
"27689189","ENG1014"
"27689189","ICT1117"
"27695291","ENG1015"
"27695291","ICT1118"
"27696540","ENG1016"
"27696540","ICT1119"
"27718357","ENG1017"
"27718357","ICT1120"
"27760968","ENG1018"
"27760968","ICT2612"
"27762313","ENG1019"
"27762313","ICT3611"
"27784015","ICT1111"
"27784015","ICT3722"
"27795701","ICT1112"
"27795701","MAT2612"
"27804513","AST2652"
"27804513","ICT1113"
"27874374","CHE1504"
"27874374","ICT1114"
"27894159","CHE181T"
"27894159","ICT1115"
"27903969","CHE2611"
"27903969","ICT1116"
"27911026","CHE2613"
"27911026","ICT1117"
"27929591","CHE3701"
"27929591","ICT1118"
"27937980","CHE3703"
"27937980","ICT1119"
"27946543","CHE3704"
"27946543","ICT1120"
"27966611","CHE4801"
"27966611","ICT2612"
"27985625","ELE2561"
"27985625","ICT3611"
"28002955","ENG1011"
"28002955","ICT3722"
"28008986","ENG1012"
"28008986","MAT2612"
"28016272","AST2652"
"28016272","ENG1013"
"28068948","CHE1504"
"28068948","ENG1014"
"28083038","CHE181T"
"28083038","ENG1015"
"28096353","CHE2611"
"28096353","ENG1016"
"28109316","CHE2613"
"28109316","ENG1017"
"28113404","CHE3701"
"28113404","ENG1018"
"28122581","CHE3703"
"28122581","ENG1019"
"28138699","CHE3704"
"28138699","ICT1111"
"28144600","CHE4801"
"28144600","ICT1112"
"28151131","ELE2561"
"28151131","ICT1113"
"28193810","ENG1011"
"28193810","ICT1114"
"28227531","ENG1012"
"28227531","ICT1115"
"28238767","ENG1013"
"28238767","ICT1116"
"28256447","ENG1014"
"28256447","ICT1117"
"28270564","ENG1015"
"28270564","ICT1118"
"28306967","ENG1016"
"28306967","ICT1119"
"28333762","ENG1017"
"28333762","ICT1120"
"28348977","ENG1018"
"28348977","ICT2612"
"28358430","ENG1019"
"28358430","ICT3611"
"28362112","ICT1111"
"28362112","ICT3722"
"28458163","ICT1112"
"28458163","MAT2612"
"28466672","AST2652"
"28466672","ICT1113"
"28503312","CHE1504"
"28503312","ICT1114"
"28519923","CHE181T"
"28519923","ICT1115"
"28568824","CHE2611"
"28568824","ICT1116"
"28584421","CHE2613"
"28584421","ICT1117"
"28587387","CHE3701"
"28587387","ICT1118"
"28590385","CHE3703"
"28590385","ICT1119"
"28597281","CHE3704"
"28597281","ICT1120"
"28598267","CHE4801"
"28598267","ICT2612"
"28639302","ELE2561"
"28639302","ICT3611"
"28646494","ENG1011"
"28646494","ICT3722"
"28665987","ENG1012"
"28665987","MAT2612"
"28672059","AST2652"
"28672059","ENG1013"
"28672512","CHE1504"
"28672512","ENG1014"
"28680871","CHE181T"
"28680871","ENG1015"
"28704291","CHE2611"
"28704291","ENG1016"
"28798044","CHE2613"
"28798044","ENG1017"
"28805122","CHE3701"
"28805122","ENG1018"
"28812247","CHE3703"
"28812247","ENG1019"
"28827117","CHE3704"
"28827117","ICT1111"
"28828471","CHE4801"
"28828471","ICT1112"
"28835746","ELE2561"
"28835746","ICT1113"
"28836027","ENG1011"
"28836027","ICT1114"
"28842812","ENG1012"
"28842812","ICT1115"
"28852478","ENG1013"
"28852478","ICT1116"
"28908415","ENG1014"
"28908415","ICT1117"
"28918437","ENG1015"
"28918437","ICT1118"
"28920954","ENG1016"
"28920954","ICT1119"
"28943372","ENG1017"
"28943372","ICT1120"
"28955950","ENG1018"
"28955950","ICT2612"
"28965316","ENG1019"
"28965316","ICT3611"
"28977818","ICT1111"
"28977818","ICT3722"
"28998536","ICT1112"
"28998536","MAT2612"
"29000084","AST2652"
"29000084","ICT1113"
"29001159","CHE1504"
"29001159","ICT1114"
"29048958","CHE181T"
"29048958","ICT1115"
"29053243","CHE2611"
"29053243","ICT1116"
"29084852","CHE2613"
"29084852","ICT1117"
"29088034","CHE3701"
"29088034","ICT1118"
"29092943","CHE3703"
"29092943","ICT1119"
"29095681","CHE3704"
"29095681","ICT1120"
"29120743","CHE4801"
"29120743","ICT2612"
"29161843","ELE2561"
"29161843","ICT3611"
"29176251","ENG1011"
"29176251","ICT3722"
"29182557","ENG1012"
"29182557","MAT2612"
"29261366","AST2652"
"29261366","ENG1013"
"29273950","CHE1504"
"29273950","ENG1014"
"29278472","CHE181T"
"29278472","ENG1015"
"29291585","CHE2611"
"29291585","ENG1016"
"29353565","CHE2613"
"29353565","ENG1017"
"29372812","CHE3701"
"29372812","ENG1018"
"29388660","CHE3703"
"29388660","ENG1019"
"29425373","CHE3704"
"29425373","ICT1111"
"29446897","CHE4801"
"29446897","ICT1112"
"29469433","ELE2561"
"29469433","ICT1113"
"29472651","ENG1011"
"29472651","ICT1114"
"29485681","ENG1012"
"29485681","ICT1115"
"29486571","ENG1013"
"29486571","ICT1116"
"29489802","ENG1014"
"29489802","ICT1117"
"29540169","ENG1015"
"29540169","ICT1118"
"29571465","ENG1016"
"29571465","ICT1119"
"29576674","ENG1017"
"29576674","ICT1120"
"29595584","ENG1018"
"29595584","ICT2612"
"29649726","ENG1019"
"29649726","ICT3611"
"29652562","ICT1111"
"29652562","ICT3722"
"29656408","ICT1112"
"29656408","MAT2612"
"29659162","AST2652"
"29659162","ICT1113"
"29670465","CHE1504"
"29670465","ICT1114"
"29677146","CHE181T"
"29677146","ICT1115"
"29681720","CHE2611"
"29681720","ICT1116"
"29686362","CHE2613"
"29686362","ICT1117"
"29687800","CHE3701"
"29687800","ICT1118"
"29690723","CHE3703"
"29690723","ICT1119"
"29706387","CHE3704"
"29706387","ICT1120"
"29721362","CHE4801"
"29721362","ICT2612"
"29778773","ELE2561"
"29778773","ICT3611"
"29784447","ENG1011"
"29784447","ICT3722"
"29795136","ENG1012"
"29795136","MAT2612"
"29806351","AST2652"
"29806351","ENG1013"
"29841409","CHE1504"
"29841409","ENG1014"
"29855961","CHE181T"
"29855961","ENG1015"
"29865414","CHE2611"
"29865414","ENG1016"
"29876104","CHE2613"
"29876104","ENG1017"
"29895762","CHE3701"
"29895762","ENG1018"
"29943713","CHE3703"
"29943713","ENG1019"
"29946627","CHE3704"
"29946627","ICT1111"
"29949186","CHE4801"
"29949186","ICT1112"
"29950182","ELE2561"
"29950182","ICT1113"
"29961502","ENG1011"
"29961502","ICT1114"
"29962059","ENG1012"
"29962059","ICT1115"
"29979691","ENG1013"
"29979691","ICT1116"
"30003048","ENG1014"
"30003048","ICT1117"
"30013562","ENG1015"
"30013562","ICT1118"
"30034926","ENG1016"
"30034926","ICT1119"
"30035548","ENG1017"
"30035548","ICT1120"
"30085137","ENG1018"
"30085137","ICT2612"
"30096463","ENG1019"
"30096463","ICT3611"
"30102439","ICT1111"
"30102439","ICT3722"
"30122533","ICT1112"
"30122533","MAT2612"
"30127394","AST2652"
"30127394","ICT1113"
"30129983","CHE1504"
"30129983","ICT1114"
"30138231","CHE181T"
"30138231","ICT1115"
"30151398","CHE2611"
"30151398","ICT1116"
"30159486","CHE2613"
"30159486","ICT1117"
"30178136","CHE3701"
"30178136","ICT1118"
"30179816","CHE3703"
"30179816","ICT1119"
"30230767","CHE3704"
"30230767","ICT1120"
"30251861","CHE4801"
"30251861","ICT2612"
"30259710","ELE2561"
"30259710","ICT3611"
"30270133","ENG1011"
"30270133","ICT3722"
"30289319","ENG1012"
"30289319","MAT2612"
"30308303","AST2652"
"30308303","ENG1013"
"30323200","CHE1504"
"30323200","ENG1014"
"30326964","CHE181T"
"30326964","ENG1015"
"30346246","CHE2611"
"30346246","ENG1016"
"30362193","CHE2613"
"30362193","ENG1017"
"30368851","CHE3701"
"30368851","ENG1018"
"30377948","CHE3703"
"30377948","ENG1019"
"30406262","CHE3704"
"30406262","ICT1111"
"30407032","CHE4801"
"30407032","ICT1112"
"30418417","ELE2561"
"30418417","ICT1113"
"30426069","ENG1011"
"30426069","ICT1114"
"30440212","ENG1012"
"30440212","ICT1115"
"30472996","ENG1013"
"30472996","ICT1116"
"30485707","ENG1014"
"30485707","ICT1117"
"30504778","ENG1015"
"30504778","ICT1118"
"30509739","ENG1016"
"30509739","ICT1119"
"30528147","ENG1017"
"30528147","ICT1120"
"30542433","ENG1018"
"30542433","ICT2612"
"30545776","ENG1019"
"30545776","ICT3611"
"30561497","ICT1111"
"30561497","ICT3722"
"30567462","ICT1112"
"30567462","MAT2612"
"30572911","AST2652"
"30572911","ICT1113"
"30583544","CHE1504"
"30583544","ICT1114"
"30594869","CHE181T"
"30594869","ICT1115"
"30617675","CHE2611"
"30617675","ICT1116"
"30642523","CHE2613"
"30642523","ICT1117"
"30655163","CHE3701"
"30655163","ICT1118"
"30666438","CHE3703"
"30666438","ICT1119"
"30671775","CHE3704"
"30671775","ICT1120"
"30674009","CHE4801"
"30674009","ICT2612"
"30676587","ELE2561"
"30676587","ICT3611"
"30683335","ENG1011"
"30683335","ICT3722"
"30686623","ENG1012"
"30686623","MAT2612"
"30695726","AST2652"
"30695726","ENG1013"
"30696444","CHE1504"
"30696444","ENG1014"
"30718074","CHE181T"
"30718074","ENG1015"
"30718251","CHE2611"
"30718251","ENG1016"
"30726619","CHE2613"
"30726619","ENG1017"
"30729110","CHE3701"
"30729110","ENG1018"
"30783228","CHE3703"
"30783228","ENG1019"
"30783529","CHE3704"
"30783529","ICT1111"
"30804218","CHE4801"
"30804218","ICT1112"
"30809565","ELE2561"
"30809565","ICT1113"
"30810877","ENG1011"
"30810877","ICT1114"
"30816586","ENG1012"
"30816586","ICT1115"
"30819227","ENG1013"
"30819227","ICT1116"
"30823393","ENG1014"
"30823393","ICT1117"
"30827792","ENG1015"
"30827792","ICT1118"
"30839963","ENG1016"
"30839963","ICT1119"
"30849260","ENG1017"
"30849260","ICT1120"
"30860058","ENG1018"
"30860058","ICT2612"
"30864864","ENG1019"
"30864864","ICT3611"
"30870535","ICT1111"
"30870535","ICT3722"
"30871391","ICT1112"
"30871391","MAT2612"
"30919370","AST2652"
"30919370","ICT1113"
"30977995","CHE1504"
"30977995","ICT1114"
"30994050","CHE181T"
"30994050","ICT1115"
"30998635","CHE2611"
"30998635","ICT1116"
"31004438","CHE2613"
"31004438","ICT1117"
"31010687","CHE3701"
"31010687","ICT1118"
"31019154","CHE3703"
"31019154","ICT1119"
"31024718","CHE3704"
"31024718","ICT1120"
"31035608","CHE4801"
"31035608","ICT2612"
"31056105","ELE2561"
"31056105","ICT3611"
"31069437","ENG1011"
"31069437","ICT3722"
"31115897","ENG1012"
"31115897","MAT2612"
"31115984","AST2652"
"31115984","ENG1013"
"31119285","CHE1504"
"31119285","ENG1014"
"31121996","CHE181T"
"31121996","ENG1015"
"31128814","CHE2611"
"31128814","ENG1016"
"31133182","CHE2613"
"31133182","ENG1017"
"31139831","CHE3701"
"31139831","ENG1018"
"31168992","CHE3703"
"31168992","ENG1019"
"31171816","CHE3704"
"31171816","ICT1111"
"31189300","CHE4801"
"31189300","ICT1112"
"31207469","ELE2561"
"31207469","ICT1113"
"31208459","ENG1011"
"31208459","ICT1114"
"31218283","ENG1012"
"31218283","ICT1115"
"31294150","ENG1013"
"31294150","ICT1116"
"31301107","ENG1014"
"31301107","ICT1117"
"31350814","ENG1015"
"31350814","ICT1118"
"31374341","ENG1016"
"31374341","ICT1119"
"31397221","ENG1017"
"31397221","ICT1120"
"31417943","ENG1018"
"31417943","ICT2612"
"31421400","ENG1019"
"31421400","ICT3611"
"31424719","ICT1111"
"31424719","ICT3722"
"31431232","ICT1112"
"31431232","MAT2612"
"31436069","AST2652"
"31436069","ICT1113"
"31446843","CHE1504"
"31446843","ICT1114"
"31450336","CHE181T"
"31450336","ICT1115"
"31506516","CHE2611"
"31506516","ICT1116"
"31506732","CHE2613"
"31506732","ICT1117"
"31509045","CHE3701"
"31509045","ICT1118"
"31510374","CHE3703"
"31510374","ICT1119"
"31514389","CHE3704"
"31514389","ICT1120"
"31524339","CHE4801"
"31524339","ICT2612"
"31528202","ELE2561"
"31528202","ICT3611"
"31540226","ENG1011"
"31540226","ICT3722"
"31541670","ENG1012"
"31541670","MAT2612"
"31546021","AST2652"
"31546021","ENG1013"
"31594275","CHE1504"
"31594275","ENG1014"
"31622942","CHE181T"
"31622942","ENG1015"
"31630925","CHE2611"
"31630925","ENG1016"
"31653621","CHE2613"
"31653621","ENG1017"
"31676393","CHE3701"
"31676393","ENG1018"
"31712758","CHE3703"
"31712758","ENG1019"
"31751682","CHE3704"
"31751682","ICT1111"
"31791301","CHE4801"
"31791301","ICT1112"
"31793638","ELE2561"
"31793638","ICT1113"
"31807743","ENG1011"
"31807743","ICT1114"
"31814073","ENG1012"
"31814073","ICT1115"
"31823990","ENG1013"
"31823990","ICT1116"
"31826946","ENG1014"
"31826946","ICT1117"
"31829039","ENG1015"
"31829039","ICT1118"
"31833499","ENG1016"
"31833499","ICT1119"
"31883757","ENG1017"
"31883757","ICT1120"
"31887306","ENG1018"
"31887306","ICT2612"
"31898169","ENG1019"
"31898169","ICT3611"
"31904131","ICT1111"
"31904131","ICT3722"
"31906909","ICT1112"
"31906909","MAT2612"
"31918928","AST2652"
"31918928","ICT1113"
"31927934","CHE1504"
"31927934","ICT1114"
"31931728","CHE181T"
"31931728","ICT1115"
"31937269","CHE2611"
"31937269","ICT1116"
"31940487","CHE2613"
"31940487","ICT1117"
"31967552","CHE3701"
"31967552","ICT1118"
"31981191","CHE3703"
"31981191","ICT1119"
"31981659","CHE3704"
"31981659","ICT1120"
"31986673","CHE4801"
"31986673","ICT2612"
"32002055","ELE2561"
"32002055","ICT3611"
"32011073","ENG1011"
"32011073","ICT3722"
"32053575","ENG1012"
"32053575","MAT2612"
"32064702","AST2652"
"32064702","ENG1013"
"32068622","CHE1504"
"32068622","ENG1014"
"32068919","CHE181T"
"32068919","ENG1015"
"32085993","CHE2611"
"32085993","ENG1016"
"32090650","CHE2613"
"32090650","ENG1017"
"32102073","CHE3701"
"32102073","ENG1018"
"32107652","CHE3703"
"32107652","ENG1019"
"32143259","CHE3704"
"32143259","ICT1111"
"32153894","CHE4801"
"32153894","ICT1112"
"32248175","ELE2561"
"32248175","ICT1113"
"32268771","ENG1011"
"32268771","ICT1114"
"32331371","ENG1012"
"32331371","ICT1115"
"32334522","ENG1013"
"32334522","ICT1116"
"32338837","ENG1014"
"32338837","ICT1117"
"32369680","ENG1015"
"32369680","ICT1118"
"32371002","ENG1016"
"32371002","ICT1119"
"32383831","ENG1017"
"32383831","ICT1120"
"32404847","ENG1018"
"32404847","ICT2612"
"32405146","ENG1019"
"32405146","ICT3611"
"32441766","ICT1111"
"32441766","ICT3722"
"32445577","ICT1112"
"32445577","MAT2612"
"32464939","AST2652"
"32464939","ICT1113"
"32470202","CHE1504"
"32470202","ICT1114"
"32486673","CHE181T"
"32486673","ICT1115"
"32492257","CHE2611"
"32492257","ICT1116"
"32512202","CHE2613"
"32512202","ICT1117"
"32532530","CHE3701"
"32532530","ICT1118"
"32535533","CHE3703"
"32535533","ICT1119"
"32561438","CHE3704"
"32561438","ICT1120"
"32568821","CHE4801"
"32568821","ICT2612"
"32572702","ELE2561"
"32572702","ICT3611"
"32626742","ENG1011"
"32626742","ICT3722"
"32639939","ENG1012"
"32639939","MAT2612"
"32710859","AST2652"
"32710859","ENG1013"
"32735976","CHE1504"
"32735976","ENG1014"
"32743944","CHE181T"
"32743944","ENG1015"
"32754129","CHE2611"
"32754129","ENG1016"
"32762076","CHE2613"
"32762076","ENG1017"
"32778333","CHE3701"
"32778333","ENG1018"
"32799004","CHE3703"
"32799004","ENG1019"
"32819430","CHE3704"
"32819430","ICT1111"
"32822614","CHE4801"
"32822614","ICT1112"
"32825507","ELE2561"
"32825507","ICT1113"
"32844064","ENG1011"
"32844064","ICT1114"
"32856425","ENG1012"
"32856425","ICT1115"
"32894760","ENG1013"
"32894760","ICT1116"
"32895452","ENG1014"
"32895452","ICT1117"
"32935365","ENG1015"
"32935365","ICT1118"
"32954086","ENG1016"
"32954086","ICT1119"
"32956997","ENG1017"
"32956997","ICT1120"
"32973209","ENG1018"
"32973209","ICT2612"
"32979492","ENG1019"
"32979492","ICT3611"
"32982496","ICT1111"
"32982496","ICT3722"
"33032708","ICT1112"
"33032708","MAT2612"
"33050845","AST2652"
"33050845","ICT1113"
"33061088","CHE1504"
"33061088","ICT1114"
"33081044","CHE181T"
"33081044","ICT1115"
"33083747","CHE2611"
"33083747","ICT1116"
"33096460","CHE2613"
"33096460","ICT1117"
"33108010","CHE3701"
"33108010","ICT1118"
"33160028","CHE3703"
"33160028","ICT1119"
"33166900","CHE3704"
"33166900","ICT1120"
"33175385","CHE4801"
"33175385","ICT2612"
"33179910","ELE2561"
"33179910","ICT3611"
"33194680","ENG1011"
"33194680","ICT3722"
"33203054","ENG1012"
"33203054","MAT2612"
"33218088","AST2652"
"33218088","ENG1013"
"33248968","CHE1504"
"33248968","ENG1014"
"33260018","CHE181T"
"33260018","ENG1015"
"33327462","CHE2611"
"33327462","ENG1016"
"33344290","CHE2613"
"33344290","ENG1017"
"33356213","CHE3701"
"33356213","ENG1018"
"33358217","CHE3703"
"33358217","ENG1019"
"33368477","CHE3704"
"33368477","ICT1111"
"33375831","CHE4801"
"33375831","ICT1112"
"33403776","ELE2561"
"33403776","ICT1113"
"33409117","ENG1011"
"33409117","ICT1114"
"33432426","ENG1012"
"33432426","ICT1115"
"33456689","ENG1013"
"33456689","ICT1116"
"33461066","ENG1014"
"33461066","ICT1117"
"33463497","ENG1015"
"33463497","ICT1118"
"33478898","ENG1016"
"33478898","ICT1119"
"33484264","ENG1017"
"33484264","ICT1120"
"33486718","ENG1018"
"33486718","ICT2612"
"33521500","ENG1019"
"33521500","ICT3611"
"33524276","ICT1111"
"33524276","ICT3722"
"33524434","ICT1112"
"33524434","MAT2612"
"33557379","AST2652"
"33557379","ICT1113"
"33573031","CHE1504"
"33573031","ICT1114"
"33573637","CHE181T"
"33573637","ICT1115"
"33577010","CHE2611"
"33577010","ICT1116"
"33580225","CHE2613"
"33580225","ICT1117"
"33584761","CHE3701"
"33584761","ICT1118"
"33586777","CHE3703"
"33586777","ICT1119"
"33636840","CHE3704"
"33636840","ICT1120"
"33651200","CHE4801"
"33651200","ICT2612"
"33652496","ELE2561"
"33652496","ICT3611"
"33665147","ENG1011"
"33665147","ICT3722"
"33686188","ENG1012"
"33686188","MAT2612"
"33702475","AST2652"
"33702475","ENG1013"
"33737833","CHE1504"
"33737833","ENG1014"
"33749523","CHE181T"
"33749523","ENG1015"
"33761337","CHE2611"
"33761337","ENG1016"
"33762539","CHE2613"
"33762539","ENG1017"
"33773181","CHE3701"
"33773181","ENG1018"
"33843043","CHE3703"
"33843043","ENG1019"
"33848227","CHE3704"
"33848227","ICT1111"
"33876894","CHE4801"
"33876894","ICT1112"
"33881606","ELE2561"
"33881606","ICT1113"
"33891597","ENG1011"
"33891597","ICT1114"
"33903410","ENG1012"
"33903410","ICT1115"
"33905133","ENG1013"
"33905133","ICT1116"
"33913774","ENG1014"
"33913774","ICT1117"
"33920301","ENG1015"
"33920301","ICT1118"
"33939537","ENG1016"
"33939537","ICT1119"
"33998623","ENG1017"
"33998623","ICT1120"
"34024223","ENG1018"
"34024223","ICT2612"
"34078538","ENG1019"
"34078538","ICT3611"
"34095009","ICT1111"
"34095009","ICT3722"
"34097202","ICT1112"
"34097202","MAT2612"
"34098070","AST2652"
"34098070","ICT1113"
"34107617","CHE1504"
"34107617","ICT1114"
"34120894","CHE181T"
"34120894","ICT1115"
"34122064","CHE2611"
"34122064","ICT1116"
"34144755","CHE2613"
"34144755","ICT1117"
"34153731","CHE3701"
"34153731","ICT1118"
"34159770","CHE3703"
"34159770","ICT1119"
"34211186","CHE3704"
"34211186","ICT1120"
"34220291","CHE4801"
"34220291","ICT2612"
"34228145","ELE2561"
"34228145","ICT3611"
"34234751","ENG1011"
"34234751","ICT3722"
"34237695","ENG1012"
"34237695","MAT2612"
"34257812","AST2652"
"34257812","ENG1013"
"34291747","CHE1504"
"34291747","ENG1014"
"34293197","CHE181T"
"34293197","ENG1015"
"34308316","CHE2611"
"34308316","ENG1016"
"34311704","CHE2613"
"34311704","ENG1017"
"34333742","CHE3701"
"34333742","ENG1018"
"34362106","CHE3703"
"34362106","ENG1019"
"34367640","CHE3704"
"34367640","ICT1111"
"34375597","CHE4801"
"34375597","ICT1112"
"34380773","ELE2561"
"34380773","ICT1113"
"34384527","ENG1011"
"34384527","ICT1114"
"34473964","ENG1012"
"34473964","ICT1115"
"34503994","ENG1013"
"34503994","ICT1116"
"34545763","ENG1014"
"34545763","ICT1117"
"34575838","ENG1015"
"34575838","ICT1118"
"34633043","ENG1016"
"34633043","ICT1119"
"34661111","ENG1017"
"34661111","ICT1120"
"34745463","ENG1018"
"34745463","ICT2612"
"34745816","ENG1019"
"34745816","ICT3611"
"34755999","ICT1111"
"34755999","ICT3722"
"34767260","ICT1112"
"34767260","MAT2612"
"34790102","AST2652"
"34790102","ICT1113"
"34830392","CHE1504"
"34830392","ICT1114"
"34858950","CHE181T"
"34858950","ICT1115"
"34897858","CHE2611"
"34897858","ICT1116"
"34970441","CHE2613"
"34970441","ICT1117"
"35005821","CHE3701"
"35005821","ICT1118"
"35009964","CHE3703"
"35009964","ICT1119"
"35013929","CHE3704"
"35013929","ICT1120"
"35019967","CHE4801"
"35019967","ICT2612"
"35028571","ELE2561"
"35028571","ICT3611"
"35032996","ENG1011"
"35032996","ICT3722"
"35049328","ENG1012"
"35049328","MAT2612"
"35083292","AST2652"
"35083292","ENG1013"
"35117520","CHE1504"
"35117520","ENG1014"
"35146167","CHE181T"
"35146167","ENG1015"
"35164816","CHE2611"
"35164816","ENG1016"
"35172274","CHE2613"
"35172274","ENG1017"
"35177380","CHE3701"
"35177380","ENG1018"
"35228071","CHE3703"
"35228071","ENG1019"
"35280197","CHE3704"
"35280197","ICT1111"
"35282030","CHE4801"
"35282030","ICT1112"
"35282584","ELE2561"
"35282584","ICT1113"
"35282681","ENG1011"
"35282681","ICT1114"
"35308566","ENG1012"
"35308566","ICT1115"
"35317488","ENG1013"
"35317488","ICT1116"
"35325089","ENG1014"
"35325089","ICT1117"
"35325963","ENG1015"
"35325963","ICT1118"
"35348114","ENG1016"
"35348114","ICT1119"
"35353963","ENG1017"
"35353963","ICT1120"
"35355941","ENG1018"
"35355941","ICT2612"
"35392081","ENG1019"
"35392081","ICT3611"
"35397253","ICT1111"
"35397253","ICT3722"
"35401928","ICT1112"
"35401928","MAT2612"
"35406579","AST2652"
"35406579","ICT1113"
"35426152","CHE1504"
"35426152","ICT1114"
"35481926","CHE181T"
"35481926","ICT1115"
"35564597","CHE2611"
"35564597","ICT1116"
"35579909","CHE2613"
"35579909","ICT1117"
"35580270","CHE3701"
"35580270","ICT1118"
"35589239","CHE3703"
"35589239","ICT1119"
"35609323","CHE3704"
"35609323","ICT1120"
"35631254","CHE4801"
"35631254","ICT2612"
"35680037","ELE2561"
"35680037","ICT3611"
"35691472","ENG1011"
"35691472","ICT3722"
"35692887","ENG1012"
"35692887","MAT2612"
"35700598","AST2652"
"35700598","ENG1013"
"35712999","CHE1504"
"35712999","ENG1014"
"35720207","CHE181T"
"35720207","ENG1015"
"35728110","CHE2611"
"35728110","ENG1016"
"35755103","CHE2613"
"35755103","ENG1017"
"35770340","CHE3701"
"35770340","ENG1018"
"35821327","CHE3703"
"35821327","ENG1019"
"35834127","CHE3704"
"35834127","ICT1111"
"35852591","CHE4801"
"35852591","ICT1112"
"35857519","ELE2561"
"35857519","ICT1113"
"35876281","ENG1011"
"35876281","ICT1114"
"35883286","ENG1012"
"35883286","ICT1115"
"35899511","ENG1013"
"35899511","ICT1116"
"35906441","ENG1014"
"35906441","ICT1117"
"35923237","ENG1015"
"35923237","ICT1118"
"35944688","ENG1016"
"35944688","ICT1119"
"35970224","ENG1017"
"35970224","ICT1120"
"36055028","ENG1018"
"36055028","ICT2612"
"36058143","ENG1019"
"36058143","ICT3611"
"36066772","ICT1111"
"36066772","ICT3722"
"36078519","ICT1112"
"36078519","MAT2612"
"36123245","AST2652"
"36123245","ICT1113"
"36134470","CHE1504"
"36134470","ICT1114"
"36143896","CHE181T"
"36143896","ICT1115"
"36178419","CHE2611"
"36178419","ICT1116"
"36213080","CHE2613"
"36213080","ICT1117"
"36294708","CHE3701"
"36294708","ICT1118"
"36332108","CHE3703"
"36332108","ICT1119"
"36340093","CHE3704"
"36340093","ICT1120"
"36351090","CHE4801"
"36351090","ICT2612"
"36367096","ELE2561"
"36367096","ICT3611"
"36376357","ENG1011"
"36376357","ICT3722"
"36386884","ENG1012"
"36386884","MAT2612"
"36405296","AST2652"
"36405296","ENG1013"
"36405989","CHE1504"
"36405989","ENG1014"
"36410184","CHE181T"
"36410184","ENG1015"
"36412966","CHE2611"
"36412966","ENG1016"
"36425651","CHE2613"
"36425651","ENG1017"
"36443690","CHE3701"
"36443690","ENG1018"
"36459938","CHE3703"
"36459938","ENG1019"
"36471484","CHE3704"
"36471484","ICT1111"
"36499695","CHE4801"
"36499695","ICT1112"
"36514898","ELE2561"
"36514898","ICT1113"
"36524022","ENG1011"
"36524022","ICT1114"
"36532970","ENG1012"
"36532970","ICT1115"
"36545806","ENG1013"
"36545806","ICT1116"
"36549600","ENG1014"
"36549600","ICT1117"
"36594862","ENG1015"
"36594862","ICT1118"
"36641329","ENG1016"
"36641329","ICT1119"
"36641696","ENG1017"
"36641696","ICT1120"
"36672242","ENG1018"
"36672242","ICT2612"
"36694055","ENG1019"
"36694055","ICT3611"
"36697237","ICT1111"
"36697237","ICT3722"
"36709518","ICT1112"
"36709518","MAT2612"
"36723854","AST2652"
"36723854","ICT1113"
"36730707","CHE1504"
"36730707","ICT1114"
"36747454","CHE181T"
"36747454","ICT1115"
"36758284","CHE2611"
"36758284","ICT1116"
"36759456","CHE2613"
"36759456","ICT1117"
"36787861","CHE3701"
"36787861","ICT1118"
"36795143","CHE3703"
"36795143","ICT1119"
"36826855","CHE3704"
"36826855","ICT1120"
"36829701","CHE4801"
"36829701","ICT2612"
"36831641","ELE2561"
"36831641","ICT3611"
"36832828","ENG1011"
"36832828","ICT3722"
"36840732","ENG1012"
"36840732","MAT2612"
"36859203","AST2652"
"36859203","ENG1013"
"36890272","CHE1504"
"36890272","ENG1014"
"36903950","CHE181T"
"36903950","ENG1015"
"36918518","CHE2611"
"36918518","ENG1016"
"36922063","CHE2613"
"36922063","ENG1017"
"36928667","CHE3701"
"36928667","ENG1018"
"36938670","CHE3703"
"36938670","ENG1019"
"36943138","CHE3704"
"36943138","ICT1111"
"36955309","CHE4801"
"36955309","ICT1112"
"36962544","ELE2561"
"36962544","ICT1113"
"36963515","ENG1011"
"36963515","ICT1114"
"36995039","ENG1012"
"36995039","ICT1115"
"36997453","ENG1013"
"36997453","ICT1116"
"37032496","ENG1014"
"37032496","ICT1117"
"37032811","ENG1015"
"37032811","ICT1118"
"37103416","ENG1016"
"37103416","ICT1119"
"37111914","ENG1017"
"37111914","ICT1120"
"37114175","ENG1018"
"37114175","ICT2612"
"37137356","ENG1019"
"37137356","ICT3611"
"37164874","ICT1111"
"37164874","ICT3722"
"37171625","ICT1112"
"37171625","MAT2612"
"37178581","AST2652"
"37178581","ICT1113"
"37196042","CHE1504"
"37196042","ICT1114"
"37209065","CHE181T"
"37209065","ICT1115"
"37258908","CHE2611"
"37258908","ICT1116"
"37265741","CHE2613"
"37265741","ICT1117"
"37294134","CHE3701"
"37294134","ICT1118"
"37321457","CHE3703"
"37321457","ICT1119"
"37340352","CHE3704"
"37340352","ICT1120"
"37352473","CHE4801"
"37352473","ICT2612"
"37360915","ELE2561"
"37360915","ICT3611"
"37378608","ENG1011"
"37378608","ICT3722"
"37380306","ENG1012"
"37380306","MAT2612"
"37445564","AST2652"
"37445564","ENG1013"
"37466501","CHE1504"
"37466501","ENG1014"
"37473222","CHE181T"
"37473222","ENG1015"
"37484669","CHE2611"
"37484669","ENG1016"
"37517560","CHE2613"
"37517560","ENG1017"
"37519979","CHE3701"
"37519979","ENG1018"
"37529455","CHE3703"
"37529455","ENG1019"
"37533452","CHE3704"
"37533452","ICT1111"
"37535367","CHE4801"
"37535367","ICT1112"
"37543430","ELE2561"
"37543430","ICT1113"
"37559315","ENG1011"
"37559315","ICT1114"
"37562865","ENG1012"
"37562865","ICT1115"
"37582157","ENG1013"
"37582157","ICT1116"
"37590175","ENG1014"
"37590175","ICT1117"
"37606973","ENG1015"
"37606973","ICT1118"
"37611716","ENG1016"
"37611716","ICT1119"
"37615573","ENG1017"
"37615573","ICT1120"
"37635742","ENG1018"
"37635742","ICT2612"
"37651940","ENG1019"
"37651940","ICT3611"
"37653394","ICT1111"
"37653394","ICT3722"
"37653419","ICT1112"
"37653419","MAT2612"
"37670189","AST2652"
"37670189","ICT1113"
"37697184","CHE1504"
"37697184","ICT1114"
"37705094","CHE181T"
"37705094","ICT1115"
"37706610","CHE2611"
"37706610","ICT1116"
"37752069","CHE2613"
"37752069","ICT1117"
"37804599","CHE3701"
"37804599","ICT1118"
"37824367","CHE3703"
"37824367","ICT1119"
"37839478","CHE3704"
"37839478","ICT1120"
"37854907","CHE4801"
"37854907","ICT2612"
"37878898","ELE2561"
"37878898","ICT3611"
"37900810","ENG1011"
"37900810","ICT3722"
"37919930","ENG1012"
"37919930","MAT2612"
"37933131","AST2652"
"37933131","ENG1013"
"37933831","CHE1504"
"37933831","ENG1014"
"37936220","CHE181T"
"37936220","ENG1015"
"37953664","CHE2611"
"37953664","ENG1016"
"37956238","CHE2613"
"37956238","ENG1017"
"37976342","CHE3701"
"37976342","ENG1018"
"37979980","CHE3703"
"37979980","ENG1019"
"37988568","CHE3704"
"37988568","ICT1111"
"38013010","CHE4801"
"38013010","ICT1112"
"38018132","ELE2561"
"38018132","ICT1113"
"38069474","ENG1011"
"38069474","ICT1114"
"38079731","ENG1012"
"38079731","ICT1115"
"38123738","ENG1013"
"38123738","ICT1116"
"38125836","ENG1014"
"38125836","ICT1117"
"38127990","ENG1015"
"38127990","ICT1118"
"38147524","ENG1016"
"38147524","ICT1119"
"38156625","ENG1017"
"38156625","ICT1120"
"38160904","ENG1018"
"38160904","ICT2612"
"38187537","ENG1019"
"38187537","ICT3611"
"38189604","ICT1111"
"38189604","ICT3722"
"38195777","ICT1112"
"38195777","MAT2612"
"38196423","AST2652"
"38196423","ICT1113"
"38210463","CHE1504"
"38210463","ICT1114"
"38247234","CHE181T"
"38247234","ICT1115"
"38262608","CHE2611"
"38262608","ICT1116"
"38267923","CHE2613"
"38267923","ICT1117"
"38285102","CHE3701"
"38285102","ICT1118"
"38304203","CHE3703"
"38304203","ICT1119"
"38338319","CHE3704"
"38338319","ICT1120"
"38389159","CHE4801"
"38389159","ICT2612"
"38427410","ELE2561"
"38427410","ICT3611"
"38450107","ENG1011"
"38450107","ICT3722"
"38456494","ENG1012"
"38456494","MAT2612"
"38470864","AST2652"
"38470864","ENG1013"
"38498146","CHE1504"
"38498146","ENG1014"
"38499599","CHE181T"
"38499599","ENG1015"
"38554066","CHE2611"
"38554066","ENG1016"
"38566668","CHE2613"
"38566668","ENG1017"
"38568753","CHE3701"
"38568753","ENG1018"
"38586332","CHE3703"
"38586332","ENG1019"
"38606420","CHE3704"
"38606420","ICT1111"
"38628015","CHE4801"
"38628015","ICT1112"
"38634375","ELE2561"
"38634375","ICT1113"
"38635540","ENG1011"
"38635540","ICT1114"
"38662394","ENG1012"
"38662394","ICT1115"
"38678988","ENG1013"
"38678988","ICT1116"
"38682782","ENG1014"
"38682782","ICT1117"
"38707585","ENG1015"
"38707585","ICT1118"
"38714695","ENG1016"
"38714695","ICT1119"
"38762841","ENG1017"
"38762841","ICT1120"
"38782083","ENG1018"
"38782083","ICT2612"
"38782472","ENG1019"
"38782472","ICT3611"
"38795125","ICT1111"
"38795125","ICT3722"
"38796464","ICT1112"
"38796464","MAT2612"
"38811582","ICT1113"
